##
## GENERATED BY resolveJasigAuthors.groovy DO NOT MODIFY BY HAND
##
(no author) = infrastructure@lists.ja-sig.org
achristoforides = achristoforides@committers.jasig.org
acolebourne = Anthony Colebourne <anthony.colebourne@manchester.ac.uk>
adamfranco = Adam Franco <afranco@middlebury.edu>
agherna = Andy Gherna <agherna@illinois.edu>
ahamid = ahamid@committers.jasig.org
alesueur = Arnaud Lesueur <arnaud.lesueur@gmail.com>
alwold = alwold@committers.jasig.org
amos = Amos Gouaux <amos@utdallas.edu>
andrew.draskoy = andrew.draskoy@committers.jasig.org
anthony.colebourne@manchester.ac.uk = Anthony Colebourne <anthony.colebourne@manchester.ac.uk>
arvidsg = Arvids Grabovskis <arvids.grabovskis@rtu.lv>
arybicki = Adam Rybicki <arybicki@unicon.net>
av317 = av317@committers.jasig.org
awills = Andrew Wills <drew@unicon.net>
awp9 = Andrew Petro <apetro@unicon.net>
battags = Scott Battaglia <scott.battaglia@gmail.com>
bcollierjones = B. Collier Jones <bcollierjones@gmail.com>
bdurfee = Bernie Durfee <bernard.durfee@suny.edu>
benno = Benn Oshrin <benjamin.oshrin@the.oshrinium.net>
blynch = blynch@committers.jasig.org
bourey = Jennifer Bourey <jennifer.bourey@gmail.com>
bradcupit = Brad Cupit <brad@lsu.edu>
brianxlong = brian long <brian.long@vt.edu>
brippe = Brad Rippe <brippe@fullcoll.edu>
bruce = bruce@committers.jasig.org
bszabo = Brad Szabo <bszabo@unicon.net>
clajoie = clajoie@committers.jasig.org
cmichels = cmichels@committers.jasig.org
contegix = Contegix Support <support@contegix.com>
cpfrank = Charles Frank <cpfrank@uvic.ca>
csev = csev@committers.jasig.org
cwinfrey = Catherine D. Winfrey <cwinfrey@vt.edu>
de3 = Dan Ellentuck <de3@columbia.edu>
desimone = desimone@committers.jasig.org
df7 = df7@committers.jasig.org
dgrimwood = dgrimwood@committers.jasig.org
dima767 = Dmitriy Kopylenko <dkopylenko@unicon.net>
ditherfix = ditherfix@committers.jasig.org
dkopylen = dkopylen@committers.jasig.org
dkraker@calpoly.edu = Darren Kraker <dkraker@calpoly.edu>
dmazurek = dmazurek@committers.jasig.org
dmccallum = Dan McCallum <dmccallum@unicon.net>
dmindler = Dan Mindler <dmindler@rutgers.edu>
dotmatt = Matt Smith <matt@forsetti.com>
dschultz = Dustin Schultz <dustin.schultz@yale.edu>
dskudney = dennis skudney <dskudney@unicon.net>
dwallace = dwallace@committers.jasig.org
dyoung = dyoung@committers.jasig.org
edalquist = Eric Dalquist <eric.dalquist@doit.wisc.edu>
eolsson = Erik Olsson <erik.olsson@uci.edu>
erider = Ernest Rider <ozialien@cox.net>
esm = esm@committers.jasig.org
faizan = Faizan Ahmed <faizan@rutgers.edu>
felipeen = felipeen@committers.jasig.org
flopez = Freddy Lopez <flopez@unicon.net>
fritschi = Joachim Fritschi <jfritschi@freenet.de>
George.Lindholm = George.Lindholm@committers.jasig.org
ggilbert = Gary Gilbert <ggilbert@unicon.net>
glee@sfu.ca = George Lee <glee@sfu.ca>
gswduke = Gary Weaver <gary.weaver@duke.edu>
gthompson = Gary Thompson <gthompson@unicon.net>
hcoast = hcoast@committers.jasig.org
hgilbert = hgilbert@committers.jasig.org
holdorph = Cris Holdorph <holdorph@unicon.net>
jaf30 = John Fereira <jaf30@cornell.edu>
jasig = jasig@committers.jasig.org
jcross@unicon.net = Jeff Cross <jcross@unicon.net>
jet = Justin Tilton <jet@immagic.com>
jfa = jfa@committers.jasig.org
jkionka2@illinois.edu = James Kionka <jkionka2@illinois.edu>
jlaker = jlaker@committers.jasig.org
jmarchal = Julien Marchal <Julien.Marchal@univ-nancy2.fr>
jmartin = John Martin <jmartin@unicon.net>
jnielsen = Jan Nielsen <jnielsen@sungardsct.com>
jshao = jshao@committers.jasig.org
justindemaris = justindemaris@committers.jasig.org
kajita = kajita@committers.jasig.org
knaderi = knaderi@committers.jasig.org
kstacks = Keith Stacks <kstacks@sungardsct.com>
kweiner = Ken Weiner <kweiner@gmail.com>
lcasner@unicon.net = Landis Casner <lcasner@unicon.net>
lean = lean@committers.jasig.org
lfuller = Lennard Fuller <lfuller@unicon.net>
lidial = Lidia Levkovitch <llevkovi@oit.rutgers.edu>
lindholm = George Lindholm <George.Lindholm@ubc.ca>
magarrigue = Marc-Antoine Garrigue <mag@octo.com>
mbarton = mbarton@committers.jasig.org
mboyd = Mark R. Boyd <mark.boyd@sungardhe.com>
mbrooks = Matt Brooks <matt@msbrooks.com>
merdely = merdely@committers.jasig.org
mihirp = Mihir Patel <ExploreMihir@gmail.com>
mk2337 = Brad Johnson <mdagrpz02@sneakemail.com>
mmclaren = Mark McLaren <mark.mclaren@gmail.com>
mmoayyed = Misagh Moayyed <misagh_moayyed@hotmail.com>
mpolizzotti@unicon.net = Matthew Polizzotti <mpolizzotti@unicon.net>
msidd@oit.rutgers.edu = muhammad siddique <msidd@oit.rutgers.edu>
mvi = Michael Ivanov <mvi@immagic.com>
naveed.hussain@rutgers.edu = Naveed Hussain <naveed.hussain@rutgers.edu>
nblair = Nicholas Blair <nblair@doit.wisc.edu>
nbolton = Nick Bolton <nbolton@unicon.net>
newman-andy = newman-andy@committers.jasig.org
nmond = Nancy Mond <nmond@rutgers.edu>
olivierberger = Olivier Berger <olivier.berger@it-sudparis.eu>
pames = P Ames <modauthcas@gmail.com>
paubry = Pascal Aubry <pascal.aubry@univ-rennes1.fr>
paul.gazda@nau.edu = Paul Gazda <paul.gazda@nau.edu>
pboysen = Pete Boysen <pboysen@iastate.edu>
peterk = peterk@committers.jasig.org
phunnilemur = phunnilemur@committers.jasig.org
rob.urquhart@sfu.ca = Rob Urquhart <rob.urquhart@sfu.ca>
root = root@committers.jasig.org
rosey = Jeremy Rosenberg <rosey@sfu.ca>
rundle = rundle@committers.jasig.org
russ = russ@committers.jasig.org
saltybeagle = Brett Bieber <brett.bieber@gmail.com>
sarnott = Sarah Arnott <sarnott@mun.ca>
sbarrett = sbarrett@committers.jasig.org
sbond = Stephane Bond <sbond@crim.ca>
selwood = Matthew Selwood <selwood@uvic.ca>
serac = Marvin S. Addison <marvin.addison@gmail.com>
shawn.bayern = shawn.bayern@committers.jasig.org
sholodak = Scott Holodak <sholodak@Princeton.EDU>
slonas = slonas@committers.jasig.org
smaresca = Steven Maresca <steve@zentific.com>
steiner = Dave Steiner <steiner@rutgers.edu>
steve.swinsburg = Steve Swinsburg <steve.swinsburg@gmail.com>
stoth = stoth@committers.jasig.org
susan.bramhall = susan.bramhall@committers.jasig.org
susan.bramhall@yale.edu = Susan Bramhall <susan.bramhall@yale.edu>
tim = tim carroll <tcarroll@illinois.edu>
tswansiger = Todd Swansiger <tswansiger@unicon.net>
tuyly = Tuyhang Ly <tuyly@rutgers.edu>
velpi = Jan Van der Velpen <velpi@industria.be>
vikrant.joshi = vikrant.joshi@committers.jasig.org
vjoshi = vjoshi@committers.jasig.org
wbrooks = wbrooks@committers.jasig.org
wgthom = Bill Thompson <wgthom@gmail.com>
ykaya = ykaya@committers.jasig.org
yujis = yujis@committers.jasig.org
zshaw = zshaw@committers.jasig.org
zztong = Bruce Tong <zztong@gmail.com>
